2019/3/31更新,曲数:375,,,,https://medaka.5ch.net/test/read.cgi/otoge/1519948541,,,,,,
16詐称(16S),16強(16AとB),,16中(16CとD),,16弱(16EとF),,16逆詐称(16F),超個人差,未分類,変更議論中,地力
jack-the-Ripper♦[EXH],Adansonia[MXM],Celestial stinger[EXH],゜*。Chantilly Fille。*°[MXM],6弦とピアノのためのエチュード op.4,ancient garden,8 -eight-,,妖隠し -あやかしかくし-,Addicted Moon[MXM],,鍵盤
,choux à la crème[EXH],※croiX[EXH],4NT1 D34D[MXM],AA BlackY mix[EXH],Angelic Jelly[EXH],Asian Chip City,,Xepher Light and DarknessEXH],Colors[MXM],,つまみ
,Completeness Under Incomplete[EXH],Dawn of Asia[GRV],Absurd Gaff[EXH],crazy cinema story,Applique[EXH],Beyond the Sandstorm,,,FlwoerNation[MXM],,※個人差
,Crack Traxxxx[EXH],GALAXY BURST[EXH],BLAZING_LAZER[EXH],Divine`s or Deal[EXH],archive::zip[GRV],Chloé,,,シュガーソングとビターステップ[MXM],,【初見殺し】
,crossing blue[EXH],Hyper☆Chipspace,BlueMoon Princess[EXH],Dynasty[EXH],Beyond the BLUE[EXH],Cold Inflation,,,すきなことでいいです[MXM],,新曲
,Destiny[EXH],Immortal Saga[EXH],Breakin` Asia[EXH],Fairy in Strasbourg[MXM],Blue Fire[MXM],DropZ-Line-[EXH],,,迷夢ソウル[MXM],,難易度変更
,Doppelganger[EXH],KHAMEN BREAK[EXH],Candy Star[MXM],GaLaXy EggPlanT[EXH],Burning Spark![MXM],"Electric ""Sister"" Bitch",,,Hi-Fi!!双子`s[MXM],,
,FIRE FIREは電気スウィングの夢を見るか？,KHAMEN BREAK[INF],caramel ribbon[INF],Gamerz FestivaL[EXH],Cirno Break,Engraved Mark,,,スイーツはとまらない♪[MXM],,
,FLOWER REDALiCE Remix[EXH],MAGATORO,CHERNOBOG[EXH],Gott[EXH],crêpe suzette,eternita,,,ヒカリユリイカ[MXM],,
,GERBERA[EXH],Qubism,Claidheamh Soluis-光の剣-[MXM],I'm so Happy,Destroy[EXH],Legendary Road[EXH],,,び[EXH],,
,"Help me,CODYYYYYY!![GRV]",Scarlet Pinheel,Cleopatrysm[INF],Let`s bounce !![MXM],Din Don Dan(Fusion Remix),Monkey Business (lapix Remix),,,50th Memorial Songs[VVD],,
,Lionheart[MXM],STULTI[EXH],Cloud 9[EXH],Liar World Monologue,Discover the Life,neu BSP style,,,Aurolla[EXH],,
,lEyl[EXH],Venomous Firefry[EXH],couleur automnes de chocolat [MXM],mon$tage,Double Universe[EXH],Never Regret Anything,,,Glorious Journey[EXH],,
,Lunartic Dial,VISION[GRV],disordered asia[MXM],Monkey Business -Satire mix-,fancy cake!![MXM],ΩVERSOUL[EXH],,,翠雨の祷[EXH],,
,MODEL FT4[EXH],オニユリ[EXH],Dreadnought[EXH],Narcissus At Oasis 影虎。style[MXM],GEROL,Playing With Fire,,,,,
,NEO TREASON[EXH],スペクトラム[MXM],dreamin' of u[MXM,Second Heaven GravityPf[MXM],Get back here[EXH],Scream out! (SDVX EDIT),,,,,
,Ok!! Hug Me[EXH],デストロイマーチ,eastward -sdvx edit-,#SpeedyCats[EXH],Glitter Flatter Scatter[EXH],Solitude & Nightmare,,,,,
,PUPA[EXH],ドリームエンド・サバイバー[EXH],Engraved Mark -Gow's ill!-[MXM],【Starlight Express】,GO BACK 2 YOUR RAVE,Strawberry Crisis,,,,,
,Redshift[EXH],ハイスピヰド・ランパンシヰ,HIGHER[MXM],Tomorrow Perfume (C-Show Remix),Grand Chariot[EXH],Twin Blaster,,,,,
,Re:End of a Dream[EXH],ラクガキスト,Hoshizora Illumination[EXH],ULTiMATE INFLATiON[EXH],Grand-Guignol[EXH],Violet Soul,,,,,
,She is my wife,Blacksphere,Invisible Full Moon[MXM],憂恋☆アクティベーション,GRISAILLE,終点,,,,,
,※Sounds of Summer,※C18H27NO3,JUNKIE FLAVOR[EXH],おお われら喜び讃うべし、主よ,Hug!! Vs. Hug!![EXH],瞬間ドリップ♪秘蜜のケーキセット,,,,,
,Stella Sinistra,Dignity,La Danza del Fuego[MXM],サイコパスラビット[EXH],Inixia[EXH],少年は空を辿る Prog Piano Rmx[EXH],,,,,
,Togather Going My Way[MXM],ERROR CODE[GRV],※LastΩmega[EXH],トキメキストリーム[MXM],In the breeze,竹取飛翔 ～ Lunatic Princess,,,,,
,TRIGGER★HAPPY[GRV],Genesis At Oasis(Matsudo)[MXM],Le Fruit Défendu,ファイナルレター「EXH],It's a new day![MXM],盗宝[MXM],,,,,
,VOLTEXES III,Juggler's Maddness[EXH],Levier'n NābYss[EXH],香港功夫大旋風[EXH],Khionos TiARA[EXH],トラウィスカルパンテクートリ,,,,,
,Xevel[EXH],KIRAMEKI OVERDRIVE[MXM],Make Majic[EXH],冥 Rockin' SWING REMIX[EXH],Laughin' Muffin,Bad Apple!! feat. nomico[INF],,,,,
,裏表ラバーズ[MXM],Mind Mapping(ag Remix)[MXM],MeteorGlow Aftermath[EXH],※メイガスナイト ～ Arr.Demetori,Lowermost revolt[EXH],EOS INFINITE EDIT[GRV],,,,,
,踊るフィーバーロボ,U.N.オーエンは彼女なのか(TO-HOlic),Midnight City Warfare[EXH],雪女[EXH],M.A.Y.U,#Fairy_dancing_in_lake,,,,,
,キリステゴメン[MXM],World Vertex[GRV],moon[MXM],ARROW RAIN[EXH],Milkyway - memorable -,"Help me, ERINNNNNN!! -VENUS mix-",,,,,
,けもののおうじゃ めうめう[MXM],アナーキーインザ夕景,Noisy Minority[EXH],bass 2 bass[MXM],Mirrorwall[EXH],Liminality,,,,,
,コンベア速度Maxしゃいにん☆廻転ズシ,※斑鳩[MXM],Nostalgic Blood of the Strife[EXH],Burn everything[MXM],Mist Tek,Lo-Fi-M,,,,,
,最終鬼畜妹フランドール・S[EXH],ウエンレラの氷華[EXH],Onigo[EXH],GAMBOL (dfk SLC rmx)[INF],【Monkey Business(Band Edit.)】,Mami Mami Zone,,,,,
,少女救世論[MXM],「月風魔伝」龍骨鬼戦 yks Remix[INF],only my railgun[MXM],Narcissus At Oasis (Freezer)[MXM],Mysterious Nights[MXM],One&Only,,,,,
,スピーカーガール！[GRV],※幸せになれる隠しコマンドがあるらしい,On take SUN[EXH],Nyan Cat[INF],NECRO PARTY,Paranoia,,,,,
,晴天Bon Voyage[MXM],チルノのパーフェクトさんすう教室[INF],ouroboros -twin stroke of the end-[EXH],RPG[MXM],NEWBORN CRYING[MXM],Profession,,,,,
,千客万来☆無問題！,トーホータノシ feat.抹[MXM],Our Faith (takdrive remix),waxing and wanding(SS Remix)[MXM],Oriental Blossom,Regretful Flower[MXM],,,,,
,チルノのパーフェクトさんすう教室⑨周年[MXM],【ひとりぼっちの魔王[MXM]】,PANIC HOLIC[EXH],いーあるふぁんくらぶ[GRV],Phantom dinning tonight!,REVERSE LIMITED!(SDVX Edit),,,,,
,ツーマンライブ[GRV],,POP TEAM EPIC[MXM],異世界ノットパンピー[MXM],【POLICY BREAK Medley】[EXH],Russet,,,,,
,つるぺったん[MXM],,Prey [EXH],最速最高シャッターガール,Poppin' Shower[MXM],【Two of US】[MXM],,,,,
,抜刀[MXM],,Princess K[MXM],灼熱のBlazin` Beat[MXM],PULSE LASER[INF],【TU-MA-MI△ALL-NIGHTER】,,,,,
,はわわｗ！な展開っ！[GRV],,PROVOES*PROPOSE[EXH],【断片Story】,PUNISHER,Utopia,,,,,
,三つ数えろ,,Question.,トラウマ催眠少女さとり！[MXM],rainbow flyer -gratitude remix-,Wheel,,,,,
,ロストワンの号哭[GRV],,Ray[HVN],爆なな☆てすとロイヤー,Random Box[MXM],Wuv U (Colorful QT3 nekomix),,,,,
,私とあなたのMYOURENJI☆[MXM],,Reb∞t[EXH],はなむけ[HVN],Renegade fruits,XROSS THE XOUL[EXH],,,,,
,私の恋色。[MXM],,SAtAN[EXH],茅蜩モラトリアム,Root Consciousness[MXM],カタルシスの月,,,,,
,,,starmine (nora2r Remix)[MXM],ビビットストリーム[MXM],Scarlet Moon,キミヱゴサーチ[INF],,,,,
,,,Sweet Requiem[EXH],放課後ストライド,Shiawase Transmission,しゅわスパ大作戦☆(カシオれ！くーにゃん),,,,,
,,,Taiko Drum Monster[EXH],ホメ猫☆センセーション,Sourire,双翼 Black Wings - SDVX Edit. -,,,,,
,,,Time to Air (jazz it up style)[MXM],マイネ・クライネ・ナハトムジーク[MXM],spectroscape,ツーマンライブ[EXH],,,,,
,,,Unicorn tail Dustboxxxx RMX,真っ白な靴[EXH],Spirit of the Beast[EXH],【西日暮里の踊り[INF]】,,,,,
,,,Wuv U(pico/ustic rmx),【滅亡天使†にこきゅっぴん】,Squeeze,※星の器 feat.らっぷびと,,,,,
,,,インフルエンサー・イズ・デッド[MXM],,The Sampling Paradise (N-Driver Style),リズの内心革命[INF],,,,,
,,,嘘とぬいぐるみ[MXM],,TrailBlazer[GRV],ルミナスデイズ[MXM],,,,,
,,,有頂天ビバーチェ,,TRICKL4SH 220[EXH],,,,,,
,,,ウバワレ[EXH],,Ultimate Fury,,,,,,
,,,オトゲラヴ！[MXM],,VAMPIRE[MXM],,,,,,
,,,我楽多イノセンス,,You Know -SDVX EDIT-,,,,,,
,,,神獄烙桜[EXH],,赤より紅い夢-Aya2g Tech Dance Rmx-,,,,,,
,,,響縁,,鬼KYOKAN,,,,,,
,,,狂騒こども節[MXM],,囲い無き世は一期の月影,,,,,,
,,,クノイチでも恋がしたい,,過食性:アイドル症候群[EXH],,,,,,
,,,孤独の番人,,からくりピエロ[MXM],,,,,,
,,,シノビシノノメ[MXM],,キモチコネクト[EXH],,,,,,
,,,祝福の色彩は想い結ぶ君たち迄[EXH],,幻想郷DENPASTICグリーティング,,,,,,
,,,深海シティアンダーグラウンド,,幻想のサテライト[EXH],,,,,,
,,,誰が為に兎は舞う＝狂速狂騒曲＝[EXH],,「ここなつ☆」は夢のカタチ,,,,,,
,,,つぶやき魔法少女りむる,,ゴーストマスコット[MXM],,,,,,
,,,テレポーテーションでやってきた彼との[MXM],,上海紅茶館 ～ Chinese Tea Orchid,,,,,,
,,,ドゥンガドゥンガ狂詩曲,,ショットガン・ラヴァーズ,,,,,,
,,,夏色DIARY -SD'VmiX-[GRV],,新米天使のメランコリー[MXM],,,,,,
,,,ぱあ[MXM],,スカイダイバー[MXM],,,,,,
,,,光射す澪のユズリハ[EXH],,雪月花 (Shiron)[MXM],,,,,,
,,,プレインエイジア -PHQ remix-,,双星ルミネセンス,,,,,,
,,,ホワイトパレード[EXH],,ちぇいす いん ざ さんしゃいん!!!,,,,,,
,,,マトリョシカ[MXM],,地球防衛乙女パンナコッター[MXM],,,,,,
,,,モザイクロール[MXM],,超爽快☆パッショネイト・フィーバー,,,,,,
,,,ローリンガール[MXM],,透明な記憶の風穴[MXM],,,,,,
,,,【ロンロンへ ライライライ！[EXH]】,,トリコロール・ダイアリー,,,,,,
,,,惑星☆ロリポップ[MXM],,虹色の花[MXM],,,,,,
,,,,,花ノ下連歌,,,,,変更議論中,
,,,,,春時雨[MXM],,,,,,
,,,,,風鈴花火[MXM],,,,,,
,,,,,ポメグラネイト[EXH],,,,,,
,,,,,ミラクル・スイート・スイーツ・マジック!![MXM],,,,,,
,,,,,メイビ～初恋!?ビスケット☆大作戦[EXH],,,,,,
,,,,,ヤサイマシ☆ニンニクアブラオオメ[INF],,,,,,
,,,,,闇夜舞踏会 -緋碧と蝶のための-,,,,,,
,,,,,六兆年と一夜物語[INF],,,,,,
,,,,,,,,,,,
,,,,,,,,,,,
,,,,,16弱(16EとF),,,,,,
,,,,,,,,,,,
16詐称(16S),,,,,,16弱(16EとF),16逆詐称(16F),超個人差,未分類,,
,,,,,,,,,,,
,,,,,,,,,,,
,,16強(16AとB),,,,,,,,,
,,,,,,,,,,,
,,,,,,,,,,,
,,,,16中(16CとD),,,,,,,
,16強(16AとB),,,,,,,,,,
,,,,,,,,,,,
,,,,,,,,,,,
,,,,,,,,,,,
,,,16中(16CとD),,,,,,,,